{
  "accuracy": 0.9372557997703552,
  "precision": 0.9156468510627747,
  "recall": 0.9632183909416199,
  "auc": 0.9825587868690491,
  "f1_score": 0.9388303821199584,
  "fpr": 0.08869485294117647,
  "fnr": 0.0367816091954023,
  "confusion_matrix": [
    [
      1983,
      193
    ],
    [
      80,
      2095
    ]
  ],
  "n_features": 67,
  "model_type": "1D CNN",
  "dataset": "Zenodo",
  "timestamp": "2026-02-10T16:06:09.159174"
}