{
  "accuracy": 0.9900426864624023,
  "precision": 0.9884488582611084,
  "recall": 1.0,
  "auc": 0.9965367317199707,
  "f1_score": 0.9941908781355367,
  "fpr": 0.0673076923076923,
  "fnr": 0.0,
  "confusion_matrix": [
    [
      194,
      14
    ],
    [
      0,
      1198
    ]
  ],
  "n_features": 2000,
  "vocab_size": 385,
  "model_type": "1D CNN",
  "dataset": "Zenodo",
  "timestamp": "2026-02-25T20:47:54.291086"
}